{
  "random_state": 20260518,
  "alpha": 0.2,
  "n_splits": 5,
  "adm_col": "AIS_ord",
  "dis_col": "y_discharge_ais",
  "landscape": {
    "n_with_both_ais": 613,
    "any_improve_rate": 0.42414355628058725,
    "stable_rate": 0.5611745513866232,
    "deteriorate_rate": 0.01468189233278956,
    "delta_distribution": {
      "-2": 4,
      "-1": 5,
      "0": 344,
      "1": 195,
      "2": 54,
      "3": 11
    },
    "improve_rate_by_admission_grade": {
      "A": {
        "improve_rate": 0.5221238938053098,
        "n": 113
      },
      "B": {
        "improve_rate": 0.7843137254901961,
        "n": 51
      },
      "C": {
        "improve_rate": 0.7041420118343196,
        "n": 169
      },
      "D": {
        "improve_rate": 0.1590909090909091,
        "n": 264
      },
      "E": {
        "improve_rate": 0.0,
        "n": 16
      }
    }
  },
  "endpoints": {
    "motor_incomplete": {
      "n": 161,
      "n_pos": 82,
      "base_rate": 0.5093167701863354,
      "auc": 0.656143871565298,
      "brier": 0.2372550596916452,
      "brier_raw": 0.23992579723994936,
      "brier_baseline": 0.24991319779329502,
      "logloss": 0.6692047096751691,
      "calibration_raw": {
        "pred_mean": [
          0.24750448804351294,
          0.37419851117871195,
          0.4611874687188573,
          0.605323676808577,
          0.8003339774653072
        ],
        "obs_freq": [
          0.40625,
          0.3125,
          0.45454545454545453,
          0.6451612903225806,
          0.7272727272727273
        ],
        "count": [
          32,
          32,
          33,
          31,
          33
        ]
      },
      "calibration": {
        "pred_mean": [
          0.37586217953984974,
          0.4491076242704638,
          0.4904992026883007,
          0.5579863207699616,
          0.6699880605792081
        ],
        "obs_freq": [
          0.40625,
          0.3125,
          0.45454545454545453,
          0.6451612903225806,
          0.7272727272727273
        ],
        "count": [
          32,
          32,
          33,
          31,
          33
        ]
      },
      "rate_by_admission_grade": {
        "A": {
          "rate": 0.38181818181818183,
          "n": 110
        },
        "B": {
          "rate": 0.7843137254901961,
          "n": 51
        }
      },
      "adm_grades": [
        1,
        2
      ],
      "discharge_min": 3,
      "shap_top": [
        {
          "feature": "mFrankel_ord",
          "mean_abs": 0.2371744050605671
        },
        {
          "feature": "Frankel_ord",
          "mean_abs": 0.22446769860743357
        },
        {
          "feature": "AIS_ord",
          "mean_abs": 0.20605729528595956
        },
        {
          "feature": "LightTouchTotal",
          "mean_abs": 0.20340878980809704
        },
        {
          "feature": "NLI_ord",
          "mean_abs": 0.13185935703202747
        },
        {
          "feature": "UEMS",
          "mean_abs": 0.1205740327034684
        },
        {
          "feature": "RightSensoryLevel_ord",
          "mean_abs": 0.10990975358631803
        },
        {
          "feature": "OPLL",
          "mean_abs": 0.10432361923599913
        },
        {
          "feature": "年齢",
          "mean_abs": 0.08407694968497083
        },
        {
          "feature": "LeftMotorLevel_ord",
          "mean_abs": 0.06085232604933682
        },
        {
          "feature": "PinPrickTotal",
          "mean_abs": 0.05800304342068417
        },
        {
          "feature": "TotalMotor",
          "mean_abs": 0.04866111756269207
        }
      ]
    },
    "ambulatory": {
      "n": 327,
      "n_pos": 143,
      "base_rate": 0.43730886850152906,
      "auc": 0.8542870173304956,
      "brier": 0.14812651032620205,
      "brier_raw": 0.14741921236237904,
      "brier_baseline": 0.24606982203144143,
      "logloss": 0.4728704663598575,
      "calibration_raw": {
        "pred_mean": [
          0.05480401022105582,
          0.15682323290931283,
          0.3620322216468358,
          0.6754250724714721,
          0.88670927037244
        ],
        "obs_freq": [
          0.12121212121212122,
          0.13846153846153847,
          0.3384615384615385,
          0.6923076923076923,
          0.8939393939393939
        ],
        "count": [
          66,
          65,
          65,
          65,
          66
        ]
      },
      "calibration": {
        "pred_mean": [
          0.07314346413954606,
          0.1858154858822801,
          0.38428273878745794,
          0.6700474052954952,
          0.8721276605726779
        ],
        "obs_freq": [
          0.12121212121212122,
          0.13846153846153847,
          0.3384615384615385,
          0.6923076923076923,
          0.8939393939393939
        ],
        "count": [
          66,
          65,
          65,
          65,
          66
        ]
      },
      "rate_by_admission_grade": {
        "A": {
          "rate": 0.08181818181818182,
          "n": 110
        },
        "B": {
          "rate": 0.3137254901960784,
          "n": 51
        },
        "C": {
          "rate": 0.7108433734939759,
          "n": 166
        }
      },
      "adm_grades": [
        1,
        2,
        3
      ],
      "discharge_min": 4,
      "shap_top": [
        {
          "feature": "mFrankel_ord",
          "mean_abs": 0.7327627820724492
        },
        {
          "feature": "LEMS",
          "mean_abs": 0.3987332587843132
        },
        {
          "feature": "LightTouchTotal",
          "mean_abs": 0.3076627590876902
        },
        {
          "feature": "AIS_ord",
          "mean_abs": 0.2853592677970541
        },
        {
          "feature": "DAP",
          "mean_abs": 0.25266113638913257
        },
        {
          "feature": "年齢",
          "mean_abs": 0.25230034328241
        },
        {
          "feature": "PinPrickTotal",
          "mean_abs": 0.15781210857674668
        },
        {
          "feature": "TotalMotor",
          "mean_abs": 0.12053138879994386
        },
        {
          "feature": "UEMS",
          "mean_abs": 0.11709301909159686
        },
        {
          "feature": "NLI_ord",
          "mean_abs": 0.0892837368234091
        },
        {
          "feature": "Frankel_ord",
          "mean_abs": 0.08719255639397631
        },
        {
          "feature": "OPLL",
          "mean_abs": 0.06557996975057366
        }
      ]
    }
  },
  "magnitude": {
    "n": 588,
    "class_counts": {
      "0": 332,
      "1": 193,
      "2": 63
    },
    "accuracy": 0.7125850340136054,
    "kappa_quadratic": 0.4665612522324729,
    "ordinal_mae": 0.37244897959183676,
    "aps_q_hat": 0.9686952588285356,
    "aps_coverage_80": 0.9897959183673469,
    "aps_avg_set_size": 2.477891156462585,
    "confusion": [
      [
        244,
        52,
        36
      ],
      [
        35,
        138,
        20
      ],
      [
        14,
        12,
        37
      ]
    ],
    "class_dist_by_admission_grade": {
      "A": {
        "n": 110,
        "dist": {
          "0": 54,
          "1": 14,
          "2": 42
        }
      },
      "B": {
        "n": 51,
        "dist": {
          "0": 11,
          "1": 24,
          "2": 16
        }
      },
      "C": {
        "n": 166,
        "dist": {
          "0": 48,
          "1": 113,
          "2": 5
        }
      },
      "D": {
        "n": 261,
        "dist": {
          "0": 219,
          "1": 42
        }
      }
    },
    "adm_grades": [
      1,
      2,
      3,
      4
    ],
    "mag_cap": 2
  }
}