{
  "random_state": 20260518,
  "alpha": 0.2,
  "n_splits": 5,
  "adm_col": "AIS_ord",
  "dis_col": "y_discharge_ais",
  "landscape": {
    "n_with_both_ais": 613,
    "any_improve_rate": 0.42414355628058725,
    "stable_rate": 0.5611745513866232,
    "deteriorate_rate": 0.01468189233278956,
    "delta_distribution": {
      "-2": 4,
      "-1": 5,
      "0": 344,
      "1": 195,
      "2": 54,
      "3": 11
    },
    "improve_rate_by_admission_grade": {
      "A": {
        "improve_rate": 0.5221238938053098,
        "n": 113
      },
      "B": {
        "improve_rate": 0.7843137254901961,
        "n": 51
      },
      "C": {
        "improve_rate": 0.7041420118343196,
        "n": 169
      },
      "D": {
        "improve_rate": 0.1590909090909091,
        "n": 264
      },
      "E": {
        "improve_rate": 0.0,
        "n": 16
      }
    }
  },
  "endpoints": {
    "motor_incomplete": {
      "n": 161,
      "n_pos": 82,
      "base_rate": 0.5093167701863354,
      "auc": 0.6217196665637543,
      "brier": 0.2396788277328435,
      "brier_raw": 0.24870332564537811,
      "brier_baseline": 0.24991319779329502,
      "logloss": 0.6718418651806389,
      "calibration_raw": {
        "pred_mean": [
          0.2405435979025395,
          0.3803779496149391,
          0.4782078520787619,
          0.5603339752366095,
          0.7892426179638005
        ],
        "obs_freq": [
          0.34375,
          0.53125,
          0.43333333333333335,
          0.5294117647058824,
          0.696969696969697
        ],
        "count": [
          32,
          32,
          30,
          34,
          33
        ]
      },
      "calibration": {
        "pred_mean": [
          0.3783730640057539,
          0.45461495488440107,
          0.5012014661068805,
          0.5396397161651864,
          0.6653258580705305
        ],
        "obs_freq": [
          0.34375,
          0.53125,
          0.43333333333333335,
          0.5294117647058824,
          0.696969696969697
        ],
        "count": [
          32,
          32,
          30,
          34,
          33
        ]
      },
      "rate_by_admission_grade": {
        "A": {
          "rate": 0.38181818181818183,
          "n": 110
        },
        "B": {
          "rate": 0.7843137254901961,
          "n": 51
        }
      },
      "adm_grades": [
        1,
        2
      ],
      "discharge_min": 3,
      "shap_top": [
        {
          "feature": "mFrankel_ord",
          "mean_abs": 0.2371744050605671
        },
        {
          "feature": "Frankel_ord",
          "mean_abs": 0.23041041276886215
        },
        {
          "feature": "LightTouchTotal",
          "mean_abs": 0.21773046371824398
        },
        {
          "feature": "AIS_ord",
          "mean_abs": 0.21352057489167456
        },
        {
          "feature": "NLI_ord",
          "mean_abs": 0.135482396839767
        },
        {
          "feature": "UEMS",
          "mean_abs": 0.12500351714328825
        },
        {
          "feature": "RightSensoryLevel_ord",
          "mean_abs": 0.10907762479326114
        },
        {
          "feature": "OPLL",
          "mean_abs": 0.10432361923599913
        },
        {
          "feature": "年齢",
          "mean_abs": 0.08530221106039886
        },
        {
          "feature": "PinPrickTotal",
          "mean_abs": 0.0611435548433666
        },
        {
          "feature": "LeftMotorLevel_ord",
          "mean_abs": 0.06085232604933682
        },
        {
          "feature": "TotalMotor",
          "mean_abs": 0.05333449054182972
        }
      ]
    },
    "ambulatory": {
      "n": 327,
      "n_pos": 143,
      "base_rate": 0.43730886850152906,
      "auc": 0.8680830039525691,
      "brier": 0.13982195514477014,
      "brier_raw": 0.1393486491727505,
      "brier_baseline": 0.24606982203144143,
      "logloss": 0.4498293025465013,
      "calibration_raw": {
        "pred_mean": [
          0.04786099896271532,
          0.13662833517742856,
          0.36112280301031013,
          0.7018063534629146,
          0.9226387375176482
        ],
        "obs_freq": [
          0.09090909090909091,
          0.12307692307692308,
          0.38461538461538464,
          0.6923076923076923,
          0.8939393939393939
        ],
        "count": [
          66,
          65,
          65,
          65,
          66
        ]
      },
      "calibration": {
        "pred_mean": [
          0.0662667885489293,
          0.16367721126172488,
          0.3752794473727626,
          0.6803428285267936,
          0.8995328194977241
        ],
        "obs_freq": [
          0.09090909090909091,
          0.12307692307692308,
          0.38461538461538464,
          0.6923076923076923,
          0.8939393939393939
        ],
        "count": [
          66,
          65,
          65,
          65,
          66
        ]
      },
      "rate_by_admission_grade": {
        "A": {
          "rate": 0.08181818181818182,
          "n": 110
        },
        "B": {
          "rate": 0.3137254901960784,
          "n": 51
        },
        "C": {
          "rate": 0.7108433734939759,
          "n": 166
        }
      },
      "adm_grades": [
        1,
        2,
        3
      ],
      "discharge_min": 4,
      "shap_top": [
        {
          "feature": "mFrankel_ord",
          "mean_abs": 0.7796101263272044
        },
        {
          "feature": "LEMS",
          "mean_abs": 0.4795511395945679
        },
        {
          "feature": "LightTouchTotal",
          "mean_abs": 0.35750330355529053
        },
        {
          "feature": "年齢",
          "mean_abs": 0.33131735876955004
        },
        {
          "feature": "AIS_ord",
          "mean_abs": 0.30156959465957556
        },
        {
          "feature": "DAP",
          "mean_abs": 0.2879112532212549
        },
        {
          "feature": "PinPrickTotal",
          "mean_abs": 0.21848212328626773
        },
        {
          "feature": "TotalMotor",
          "mean_abs": 0.15507505584559125
        },
        {
          "feature": "UEMS",
          "mean_abs": 0.13633523352320795
        },
        {
          "feature": "NLI_ord",
          "mean_abs": 0.12769875772565698
        },
        {
          "feature": "Frankel_ord",
          "mean_abs": 0.11921980263854393
        },
        {
          "feature": "OPLL",
          "mean_abs": 0.08541127228692041
        }
      ]
    }
  },
  "magnitude": {
    "n": 588,
    "class_counts": {
      "0": 332,
      "1": 193,
      "2": 63
    },
    "accuracy": 0.7261904761904762,
    "kappa_quadratic": 0.49401790754042485,
    "ordinal_mae": 0.358843537414966,
    "aps_q_hat": 0.9622217083873897,
    "aps_coverage_80": 0.9914965986394558,
    "aps_avg_set_size": 2.445578231292517,
    "confusion": [
      [
        246,
        48,
        38
      ],
      [
        28,
        141,
        24
      ],
      [
        12,
        11,
        40
      ]
    ],
    "class_dist_by_admission_grade": {
      "A": {
        "n": 110,
        "dist": {
          "0": 54,
          "1": 14,
          "2": 42
        }
      },
      "B": {
        "n": 51,
        "dist": {
          "0": 11,
          "1": 24,
          "2": 16
        }
      },
      "C": {
        "n": 166,
        "dist": {
          "0": 48,
          "1": 113,
          "2": 5
        }
      },
      "D": {
        "n": 261,
        "dist": {
          "0": 219,
          "1": 42
        }
      }
    },
    "adm_grades": [
      1,
      2,
      3,
      4
    ],
    "mag_cap": 2
  }
}