{
  "random_state": 20260518,
  "alpha": 0.2,
  "n_splits": 5,
  "axes": {
    "uems_selfcare": {
      "neuro_en": "UEMS (upper-limb motor)",
      "func_en": "SCIM self-care",
      "neuro_ja": "UEMS（上肢運動スコア）",
      "func_ja": "SCIM セルフケア",
      "zparams": {
        "mu_n": 12.011415525114156,
        "sd_n": 12.011689789683821,
        "mu_f": 10.735159817351597,
        "sd_f": 7.570261231387244
      },
      "landscape": {
        "n": 438,
        "pearson_r": 0.21131648200352013,
        "spearman_r": 0.16849704089730344,
        "slope": 0.13318034342164758,
        "intercept": 9.135475372736787,
        "neuro_mean": 12.011415525114156,
        "neuro_sd": 12.011689789683821,
        "func_mean": 10.735159817351597,
        "func_sd": 7.570261231387244,
        "over_achiever_rate": 0.4429223744292237,
        "quadrants": {
          "concordant_high": 116,
          "concordant_low": 125,
          "neuro_over": 100,
          "func_over": 97
        },
        "dissociated_share": 0.4497716894977169
      },
      "over_achiever": {
        "n": 438,
        "n_pos": 194,
        "base_rate": 0.4429223744292237,
        "auc": 0.9515379415244212,
        "brier": 0.07736802060845474,
        "brier_raw": 0.07754353550468025,
        "brier_baseline": 0.2467421446592023,
        "logloss": 0.26654754136360614,
        "calibration_raw": {
          "pred_mean": [
            0.013550750293959938,
            0.0442939566412291,
            0.3053186930790797,
            0.8551004653546386,
            0.9669401345038225
          ],
          "obs_freq": [
            0.022727272727272728,
            0.034482758620689655,
            0.32954545454545453,
            0.8735632183908046,
            0.9545454545454546
          ],
          "count": [
            88,
            87,
            88,
            87,
            88
          ]
        },
        "calibration": {
          "pred_mean": [
            0.014808732763005343,
            0.04806236012145614,
            0.3201342133153703,
            0.8629586614567762,
            0.9689179544033806
          ],
          "obs_freq": [
            0.022727272727272728,
            0.034482758620689655,
            0.32954545454545453,
            0.8735632183908046,
            0.9545454545454546
          ],
          "count": [
            88,
            87,
            88,
            87,
            88
          ]
        },
        "shap_top": [
          {
            "feature": "UEMS",
            "mean_abs": 2.039097267182409
          },
          {
            "feature": "年齢",
            "mean_abs": 0.39170014879171644
          },
          {
            "feature": "PinPrickTotal",
            "mean_abs": 0.3026343621596237
          },
          {
            "feature": "LightTouchTotal",
            "mean_abs": 0.29105203342986574
          },
          {
            "feature": "TotalMotor",
            "mean_abs": 0.23979341232268983
          },
          {
            "feature": "SCIM_self_care",
            "mean_abs": 0.18492449329589594
          },
          {
            "feature": "RightMotorLevel_ord",
            "mean_abs": 0.1536208129118945
          },
          {
            "feature": "RightSensoryLevel_ord",
            "mean_abs": 0.08659642702739419
          },
          {
            "feature": "LeftMotorLevel_ord",
            "mean_abs": 0.05204674524709193
          },
          {
            "feature": "AIS_ord",
            "mean_abs": 0.050993921039678466
          },
          {
            "feature": "SCIM_total",
            "mean_abs": 0.04813526635677795
          },
          {
            "feature": "LEMS",
            "mean_abs": 0.04090344658939489
          }
        ]
      },
      "magnitude": {
        "n": 438,
        "d_mean": 1.6222436889500003e-16,
        "d_sd": 1.255932735457182,
        "r2": 0.7579022962083248,
        "rmse": 0.6179619223306368,
        "mae": 0.48040909304742585,
        "conformal_q": 0.7726544078527101,
        "conformal_coverage_80": 0.8036529680365296,
        "pi_halfwidth": 0.7726544078527101,
        "shap_top": [
          {
            "feature": "UEMS",
            "mean_abs": 0.7915023341217012
          },
          {
            "feature": "年齢",
            "mean_abs": 0.1555981244410025
          },
          {
            "feature": "SCIM_self_care",
            "mean_abs": 0.09584685259189223
          },
          {
            "feature": "TotalMotor",
            "mean_abs": 0.0812761925384823
          },
          {
            "feature": "PinPrickTotal",
            "mean_abs": 0.06404424688873714
          },
          {
            "feature": "RightMotorLevel_ord",
            "mean_abs": 0.045171675884049606
          },
          {
            "feature": "LightTouchTotal",
            "mean_abs": 0.04123631872095997
          },
          {
            "feature": "Frankel_ord",
            "mean_abs": 0.032999481192156684
          },
          {
            "feature": "LEMS",
            "mean_abs": 0.0255835492642792
          },
          {
            "feature": "OPLL",
            "mean_abs": 0.02550943656257169
          },
          {
            "feature": "AIS_ord",
            "mean_abs": 0.02017649859990733
          },
          {
            "feature": "SCIM_total",
            "mean_abs": 0.019268467354493567
          }
        ]
      }
    },
    "lems_mobility": {
      "neuro_en": "LEMS (lower-limb motor)",
      "func_en": "SCIM mobility",
      "neuro_ja": "LEMS（下肢運動スコア）",
      "func_ja": "SCIM 移動",
      "zparams": {
        "mu_n": 11.105022831050228,
        "sd_n": 13.131158607272313,
        "mu_f": 20.059360730593607,
        "sd_f": 15.367229009981465
      },
      "landscape": {
        "n": 438,
        "pearson_r": 0.11962902886091678,
        "spearman_r": 0.1395332389331961,
        "slope": 0.14000034100031838,
        "intercept": 18.504653747430257,
        "neuro_mean": 11.105022831050228,
        "neuro_sd": 13.131158607272313,
        "func_mean": 20.059360730593607,
        "func_sd": 15.367229009981465,
        "over_achiever_rate": 0.4771689497716895,
        "quadrants": {
          "concordant_high": 120,
          "concordant_low": 125,
          "neuro_over": 97,
          "func_over": 96
        },
        "dissociated_share": 0.4406392694063927
      },
      "over_achiever": {
        "n": 438,
        "n_pos": 209,
        "base_rate": 0.4771689497716895,
        "auc": 0.928104302041328,
        "brier": 0.10736927582648678,
        "brier_raw": 0.11181870775697632,
        "brier_baseline": 0.24947874314547233,
        "logloss": 0.34131174673484205,
        "calibration_raw": {
          "pred_mean": [
            0.006813332547867393,
            0.05914713446126627,
            0.43417608665498864,
            0.9055309554751285,
            0.9893991607644061
          ],
          "obs_freq": [
            0.03409090909090909,
            0.09195402298850575,
            0.48863636363636365,
            0.7931034482758621,
            0.9772727272727273
          ],
          "count": [
            88,
            87,
            88,
            87,
            88
          ]
        },
        "calibration": {
          "pred_mean": [
            0.027332056627367173,
            0.11642241168572394,
            0.4461760068483448,
            0.8340797229997228,
            0.9618623801954187
          ],
          "obs_freq": [
            0.03409090909090909,
            0.09195402298850575,
            0.48863636363636365,
            0.7931034482758621,
            0.9772727272727273
          ],
          "count": [
            88,
            87,
            88,
            87,
            88
          ]
        },
        "shap_top": [
          {
            "feature": "LEMS",
            "mean_abs": 1.8528752427450488
          },
          {
            "feature": "TotalMotor",